Projektbezeichnung,Projektperimeter (Gemeinde)
Au pied du Jura vaudois,Hautemorges
Au pied du Jura vaudois,Mollens (VD)
Au pied du Jura vaudois,Agiez
Au pied du Jura vaudois,Arnex-sur-Orbe
Au pied du Jura vaudois,Ballens
Au pied du Jura vaudois,Berolle
Au pied du Jura vaudois,Bière
Au pied du Jura vaudois,Bofflens
Au pied du Jura vaudois,Bretonnières
Au pied du Jura vaudois,Chevilly
Au pied du Jura vaudois,Clarmont
Au pied du Jura vaudois,Cossonay
Au pied du Jura vaudois,Cuarnens
Au pied du Jura vaudois,Dizy
Au pied du Jura vaudois,Echichens
Au pied du Jura vaudois,Eclépens
Au pied du Jura vaudois,Ferreyres
Au pied du Jura vaudois,Gollion
Au pied du Jura vaudois,Grancy
Au pied du Jura vaudois,Juriens
Au pied du Jura vaudois,La Chaux (Cossonay)
Au pied du Jura vaudois,La Praz
Au pied du Jura vaudois,La Sarraz
Au pied du Jura vaudois,Les Clées
Au pied du Jura vaudois,L'Isle
Au pied du Jura vaudois,Lussery-Villars
Au pied du Jura vaudois,Mont-la-Ville
Au pied du Jura vaudois,Montricher
Au pied du Jura vaudois,Moiry
Au pied du Jura vaudois,Orny
Au pied du Jura vaudois,Pompaples
Au pied du Jura vaudois,Premier
Au pied du Jura vaudois,Romainmôtier-Envy
Au pied du Jura vaudois,Saint-Livres
Au pied du Jura vaudois,Senarclens
Au pied du Jura vaudois,Sergey
Au pied du Jura vaudois,Yens
Au pied du Jura vaudois,Vaulion
Au pied du Jura vaudois,Vullierens
Bucheggberg,Lüterswil-Gächliwil
Bucheggberg,Buchegg
Bucheggberg,Lüterkofen-Ichertswil
Bündner Rheintal,Fläsch
Bündner Rheintal,Landquart
Bündner Rheintal,Jenins
Bündner Rheintal,Maienfeld
Bündner Rheintal,Malans
Bündner Rheintal,Trimmis
Bündner Rheintal,Zizers
Entlebuch,Schüpfheim
Entlebuch,Doppleschwand
Entlebuch,Entlebuch
Entlebuch,Escholzmatt-Marbach
Entlebuch,Flühli
Entlebuch,Romoos
Entlebuch,Hasle (LU)
Naturpark Gantrisch,Kirchdorf (BE)
Naturpark Gantrisch,Niedermuhlern
Naturpark Gantrisch,Belp
Naturpark Gantrisch,Burgistein
Naturpark Gantrisch,Forst-Längenbühl
Naturpark Gantrisch,Gerzensee
Naturpark Gantrisch,Guggisberg
Naturpark Gantrisch,Gurzelen
Naturpark Gantrisch,Kaufdorf
Naturpark Gantrisch,Thurnen
Naturpark Gantrisch,Plaffeien
Naturpark Gantrisch,Oberbalm
Naturpark Gantrisch,Riggisberg
Naturpark Gantrisch,Rüeggisberg
Naturpark Gantrisch,Rüschegg
Naturpark Gantrisch,Schwarzenburg
Naturpark Gantrisch,Toffen
Naturpark Gantrisch,Wald (BE)
Naturpark Gantrisch,Wattenwil
Gros-de-Vaud,Essertines-sur-Yverdon
Gros-de-Vaud,Yvonand
Gros-de-Vaud,Bavois
Gros-de-Vaud,Bettens
Gros-de-Vaud,Chavornay
Gros-de-Vaud,Daillens
Gros-de-Vaud,Donneloye
Gros-de-Vaud,Goumoëns
Gros-de-Vaud,Jorat-Menthue
Gros-de-Vaud,Montanaire
Gros-de-Vaud,Montilliez
Gros-de-Vaud,Oppens
Gros-de-Vaud,Oulens-sous-Echallens
Gros-de-Vaud,Penthéréaz
Irchel-Weinland,Bülach
Irchel-Weinland,Dättlikon
Irchel-Weinland,Eglisau
Irchel-Weinland,Freienstein-Teufen
Irchel-Weinland,Glattfelden
Irchel-Weinland,Henggart
Irchel-Weinland,Humlikon
Irchel-Weinland,Neftenbach
Irchel-Weinland,Rorbas
Irchel-Weinland,Stadel
Jurapark Aargau,Thalheim (AG)
Jurapark Aargau,Veltheim (AG)
Jurapark Aargau,Zeiningen
Jurapark Aargau,Auenstein
Jurapark Aargau,Biberstein
Jurapark Aargau,Bözen
Jurapark Aargau,Densbüren
Jurapark Aargau,Effingen
Jurapark Aargau,Elfingen
Jurapark Aargau,Gansingen
Jurapark Aargau,Gipf-Oberfrick
Jurapark Aargau,Hellikon
Jurapark Aargau,Herznach
Jurapark Aargau,Kienberg
Jurapark Aargau,Küttigen
Jurapark Aargau,Laufenburg
Jurapark Aargau,Mettauertal
Jurapark Aargau,Mönthal
Jurapark Aargau,Oberhof
Jurapark Aargau,Schupfart
Jurapark Aargau,Schinznach
Jurapark Aargau,Villigen
Jurapark Aargau,Wegenstetten
Jurapark Aargau,Wittnau
Jurapark Aargau,Wölflinswil
Jurapark Aargau,Zeihen
Jurapark Aargau,Zuzgen
Kemmental,Kemmental
Leimental,Oberwil (BL)
Leimental,Aesch (BL)
Leimental,Allschwil
Leimental,Schönenbuch
Leimental,Reinach (BL)
Leimental,Binningen
Leimental,Bottmingen
Leimental,Burg im Leimental
Leimental,Biel-Benken
Leimental,Ettingen
Leimental,Hofstetten-Flüh
Leimental,Metzerlen-Mariastein
Leimental,Therwil
Naturpark Thal,Mümliswil-Ramiswil
Naturpark Thal,Aedermannsdorf
Naturpark Thal,Balsthal
Naturpark Thal,Welschenrohr-Gänsbrunnen
Naturpark Thal,Herbetswil
Naturpark Thal,Holderbank (SO)
Naturpark Thal,Laupersdorf
Naturpark Thal,Matzendorf
Parc de Doubs,Les Genevez (JU)
Parc de Doubs,Lajoux (JU)
Parc de Doubs,Montfaucon
Parc de Doubs,Le Locle
Parc de Doubs,La Chaux-de-Fonds
Parc de Doubs,Les Planchettes
Parc de Doubs,La Ferrière
Parc de Doubs,Les Bois
Parc de Doubs,Le Noirmont
Parc de Doubs,Les Breuleux
Parc de Doubs,La Chaux-des-Breuleux
Parc de Doubs,Les Enfers
Parc de Doubs,Saint-Brais
Parc de Doubs,Clos du Doubs
Parc de Doubs,Soubey
Parc de Doubs,La Baroche
Parc Gruyère Pays d'Enhaut,Bas-Intyamon
Parc Gruyère Pays d'Enhaut,Château-d'Oex
Parc Gruyère Pays d'Enhaut,Grandvillard
Parc Gruyère Pays d'Enhaut,Montreux
Parc Gruyère Pays d'Enhaut,Rossinière
Parc Gruyère Pays d'Enhaut,Val-de-Charmey
Parc Gruyère Pays d'Enhaut,Châtel-sur-Montsalvens
Parc Gruyère Pays d'Enhaut,Crésuz
Parc Gruyère Pays d'Enhaut,Jaun
Parc Gruyère Pays d'Enhaut,Saanen
Parc Gruyère Pays d'Enhaut,Gruyères
Parc Gruyère Pays d'Enhaut,Haut-Intyamon
Parc Gruyère Pays d'Enhaut,Rougemont
Parc Gruyère Pays d'Enhaut,Veytaux
Parc Gruyère Pays d'Enhaut,Villeneuve (VD)
Parc Gruyère Pays d'Enhaut,Corbeyrier
Parc Jura vaudois,Mollens (VD)
Parc Jura vaudois,Le Vaud
Parc Jura vaudois,Romainmôtier-Envy
Parc Jura vaudois,Arzier-Le Muids
Parc Jura vaudois,Aubonne
Parc Jura vaudois,Ballens
Parc Jura vaudois,Bassins
Parc Jura vaudois,Berolle
Parc Jura vaudois,Bière
Parc Jura vaudois,Chéserex
Parc Jura vaudois,Genolier
Parc Jura vaudois,Gimel
Parc Jura vaudois,Gingins
Parc Jura vaudois,Givrins
Parc Jura vaudois,Juriens
Parc Jura vaudois,La Praz
Parc Jura vaudois,L'Abbaye
Parc Jura vaudois,Le Chenit
Parc Jura vaudois,Le Lieu
Parc Jura vaudois,L'Isle
Parc Jura vaudois,Longirod
Parc Jura vaudois,Marchissy
Parc Jura vaudois,Montricher
Parc Jura vaudois,Mont-la-Ville
Parc Jura vaudois,Premier
Parc Jura vaudois,Saint-George
Parc Jura vaudois,Saint-Cergue
Parc Jura vaudois,Saint-Livres
Parc Jura vaudois,Trélex
Parc Jura vaudois,Vaulion
"Pfaffern-, Rot- und Wiggertal",Aarburg
"Pfaffern-, Rot- und Wiggertal",Altbüron
"Pfaffern-, Rot- und Wiggertal",Brittnau
"Pfaffern-, Rot- und Wiggertal",Altishofen
"Pfaffern-, Rot- und Wiggertal",Fischbach
"Pfaffern-, Rot- und Wiggertal",Willisau
"Pfaffern-, Rot- und Wiggertal",Grossdietwil
"Pfaffern-, Rot- und Wiggertal",Langenthal
"Pfaffern-, Rot- und Wiggertal",Melchnau
"Pfaffern-, Rot- und Wiggertal",Murgenthal
"Pfaffern-, Rot- und Wiggertal",Oftringen
"Pfaffern-, Rot- und Wiggertal",Schötz
"Pfaffern-, Rot- und Wiggertal",Pfaffnau
"Pfaffern-, Rot- und Wiggertal",Roggliswil
"Pfaffern-, Rot- und Wiggertal",Roggwil (BE)
"Pfaffern-, Rot- und Wiggertal",Rothrist
"Pfaffern-, Rot- und Wiggertal",Strengelbach
"Pfaffern-, Rot- und Wiggertal",Ufhusen
"Pfaffern-, Rot- und Wiggertal",Vordemwald
"Pfaffern-, Rot- und Wiggertal",Wynau
"Pfaffern-, Rot- und Wiggertal",Zell (LU)
"Pfaffern-, Rot- und Wiggertal",Zofingen
Réseaux Frontière,Arnex-sur-Nyon
Réseaux Frontière,Signy-Avenex
Réseaux Frontière,Saint-Cergue
Réseaux Frontière,Duillier
Réseaux Frontière,Genolier
Réseaux Frontière,Arzier-Le Muids
Réseaux Frontière,Borex
Réseaux Frontière,Chéserex
Réseaux Frontière,Crassier
Réseaux Frontière,Eysins
Réseaux Frontière,Gingins
Réseaux Frontière,Givrins
Réseaux Frontière,Grens
Réseaux Frontière,La Rippe
Réseaux Frontière,Trélex
Schaffhausen,Stetten (SH)
Schaffhausen,Trasadingen
Schaffhausen,Beringen
Schaffhausen,Buchberg
Schaffhausen,Gächlingen
Schaffhausen,Hallau
Schaffhausen,Löhningen
Schaffhausen,Neunkirch
Schaffhausen,Oberhallau
Schaffhausen,Rüdlingen
Schaffhausen,Schaffhausen
Schaffhausen,Schleitheim
Schaffhausen,Thayngen
Schaffhausen,Wilchingen
See-Gaster,Amden
See-Gaster,Schänis
See-Gaster,Weesen
Seeland BE,Bargen (BE)
Seeland BE,Galmiz
Seeland BE,Mont-Vully
Seeland BE,Siselen
Seeland BE,Brüttelen
Seeland BE,Erlach
Seeland BE,Finsterhennen
Seeland BE,Fräschels
Seeland BE,Gals
Seeland BE,Gampelen
Seeland BE,Ins
Seeland BE,Kallnach
Seeland BE,Kerzers
Seeland BE,Murten
Seeland BE,Treiten
Seeland BE,Tschugg
Seeland BE,Vinelz
Seeland BE,Wileroltigen
Seetal,Aesch (LU)
Seetal,Boswil
Seetal,Hitzkirch
Seetal,Hochdorf
Seetal,Fahrwangen
Seetal,Kallern
Seetal,Meisterschwanden
Seetal,Sarmenstorf
Seetal,Schongau
"Studenland, Bachsertal",Kaiserstuhl
"Studenland, Bachsertal",Lengnau (AG)
"Studenland, Bachsertal",Bachs
"Studenland, Bachsertal",Fisibach
"Studenland, Bachsertal",Rümikon
"Studenland, Bachsertal",Siglistorf
"Studenland, Bachsertal",Schneisingen
"Studenland, Bachsertal",Stadel
"Studenland, Bachsertal",Steinmaur
"Studenland, Bachsertal",Neerach
"Studenland, Bachsertal",Weiach
"Studenland, Bachsertal",Wislikofen
Südlich Basel,Aesch (BL)
Südlich Basel,Reinach (BL)
Südlich Basel,Ettingen
Südlich Basel,Therwil
Südwesten BL,Oberdorf (BL)
Südwesten BL,Arboldswil
Südwesten BL,Bennwil
Südwesten BL,Bretzwil
Südwesten BL,Bubendorf
Südwesten BL,Hölstein
Südwesten BL,Lampenberg
Südwesten BL,Langenbruck
Südwesten BL,Lauwil
Südwesten BL,Liedertswil
Südwesten BL,Lupsingen
Südwesten BL,Niederdorf
Südwesten BL,Ramlinsburg
Südwesten BL,Reigoldswil
Südwesten BL,Seltisberg
Südwesten BL,Titterten
Südwesten BL,Waldenburg
Südwesten BL,Ziefen
Tafeljura BL,Kilchberg (BL)
Tafeljura BL,Rickenbach (BL)
Tafeljura BL,Anwil
Tafeljura BL,Buckten
Tafeljura BL,Buus
Tafeljura BL,Gelterkinden
Tafeljura BL,Häfelfingen
Tafeljura BL,Hemmiken
Tafeljura BL,Läufelfingen
Tafeljura BL,Maisprach
Tafeljura BL,Oltingen
Tafeljura BL,Ormalingen
Tafeljura BL,Rothenfluh
Tafeljura BL,Zeglingen
Urner Reusstal,Seedorf (UR)
Urner Reusstal,Attinghausen
Urner Reusstal,Flüelen
Urner Reusstal,Schattdorf
Urner Reusstal,Bürglen (UR)
Urner Reusstal,Silenen
Weinland-Seerücken,Watalingen
Weinland-Seerücken,Schlatt (TG)
Weinland-Seerücken,Andelfingen
Weinland-Seerücken,Adlikon
Weinland-Seerücken,Altikon
Weinland-Seerücken,Basadingen-Schlattingen
Weinland-Seerücken,Dägerlen
Weinland-Seerücken,Diessenhofen
Weinland-Seerücken,Dinhard
Weinland-Seerücken,Ellikon an der Thur
Weinland-Seerücken,Eschenz
Weinland-Seerücken,Felben-Wellhausen
Weinland-Seerücken,Frauenfeld
Weinland-Seerücken,Gachnang
Weinland-Seerücken,Henggart
Weinland-Seerücken,Homburg
Weinland-Seerücken,Humlikon
Weinland-Seerücken,Mammern
Weinland-Seerücken,Märstetten
Weinland-Seerücken,Stammheim
Weinland-Seerücken,Raperswilen
Weinland-Seerücken,Stein am Rhein
Weinland-Seerücken,Thalheim an der Thur
Weinland-Seerücken,Trüllikon
Weinland-Seerücken,Truttikon
Weinland-Seerücken,Wagenhausen
Weinland-Seerücken,Wäldi
Weinland-Seerücken,Warth-Weiningen
Weinland-Seerücken,Wigoltingen
Zimmerberg,Adliswil
Zimmerberg,Kilchberg (ZH)
Zimmerberg,Langnau am Albis
Zimmerberg,Wädenswil
Zimmerberg,Horgen
Zimmerberg,Oberrieden
Zimmerberg,Richterswil
Zimmerberg,Rüschlikon
Zimmerberg,Thalwil
Zürcher Unterland,Wil (ZH)
Zürcher Unterland,Bülach
Zürcher Unterland,Dättlikon
Zürcher Unterland,Stadel
Zürcher Unterland,Hochfelden
Zürcher Unterland,Höri
Zürcher Unterland,Freienstein-Teufen
Zürcher Unterland,Eglisau
Zürcher Unterland,Glattfelden
Zürcher Unterland,Hüntwangen
Zürcher Unterland,Neftenbach
Zürcher Unterland,Rafz
Zürcher Unterland,Rorbas
Zürcher Unterland,Wasterkingen
